{"loadings": [1.2964668390684386, 1.2964668390684386, -0.08548777257581852, -0.08548777257581852], "trans": [0.736439517020176, 0.7364395170201758, 1.0394688380770065, 1.0394688380770063, -0.02466406373575935, -0.02466406373575933, -0.8632901138128318, -0.8632901138128315, -0.405215854113727, -0.4052158541137269, -0.48273832343486406, -0.48273832343486395], "varcovs": [1.0, -0.468774663769344, -0.468774663769344, 1.0]}